{
    "office chair": [
        1.8559773431049857,
        1.0831762629230284
    ],
    "couch": [
        2.977975893312645,
        -1.4972630566741707
    ]
}